genre,Mean
indian,6.568083333333333
minimal-techno,6.471633333333333
chicago-house,6.427
detroit-techno,6.356033333333333
techno,5.59775
deep-house,5.591033333333334
trance,5.5419833333333335
black-metal,5.531533333333333
progressive-house,5.382616666666666
drum-and-bass,5.360383333333333
